{"count":1,"self":326.0143104,"total":1380.4828134,"children":{"InitializeActuators":{"count":25,"self":0.00098669999999999986,"total":0.00098669999999999986,"children":null},"InitializeSensors":{"count":25,"self":0.0019903,"total":0.0019903,"children":null},"AgentSendState":{"count":208367,"self":113.73344,"total":129.50644409999998,"children":{"CollectObservations":{"count":1041850,"self":2.1188279999999997,"total":2.1188281,"children":null},"WriteActionMask":{"count":1041850,"self":0.3777502,"total":0.3777502,"children":null},"RequestDecision":{"count":1041850,"self":1.7013698,"total":13.276428,"children":{"AgentInfo.ToProto":{"count":1041850,"self":1.4022204999999999,"total":11.575058199999999,"children":{"GenerateSensorData":{"count":1041850,"self":7.368848,"total":10.172837699999999,"children":{"RayPerceptionSensor.Perceive":{"count":1041850,"self":2.8039896,"total":2.8039896,"children":null}}}}}}}}},"DecideAction":{"count":208367,"self":921.5782912,"total":921.57833429999994,"children":null},"AgentAct":{"count":208367,"self":3.219804,"total":3.2198040999999997,"children":{"AgentInfo.ToProto":{"count":2,"self":0,"total":0,"children":{"GenerateSensorData":{"count":2,"self":0,"total":0,"children":{"RayPerceptionSensor.Perceive":{"count":2,"self":0,"total":0,"children":null}}}}}}},"AgentInfo.ToProto":{"count":4668,"self":0.0411536,"total":0.1599446,"children":{"GenerateSensorData":{"count":4668,"self":0.097447499999999992,"total":0.118791,"children":{"RayPerceptionSensor.Perceive":{"count":4668,"self":0.021343499999999998,"total":0.021343499999999998,"children":null}}}}}},"gauges":{"Car.CumulativeReward":{"count":4670,"max":57.9206848,"min":-851.196167,"runningAverage":-10.5330811,"value":-50.1767273,"weightedAverage":-18.247591}},"metadata":{"timer_format_version":"0.1.0","start_time_seconds":"1718707231","unity_version":"2022.3.20f1","command_line_arguments":"D:\\Unity\\Editor\\2022.3.20f1\\Editor\\Unity.exe -projectpath D:\\Github\\Project_MLAgent\\DriftHype -useHub -hubIPC -cloudEnvironment production","communication_protocol_version":"1.5.0","com.unity.ml-agents_version":"2.3.0-exp.3","scene_name":"Training","end_time_seconds":"1718708612"}}